id,title,description,dimension,analysis_type,deps,context_from,wave,status,findings,score,recommendations,error
"1","Explore: Architecture","Trace current Vite React routing, page ownership, and B/C-end separation points.","architecture","explore","","","1","completed","App.tsx uses hand-rolled pathname routing; WorkbenchLayout owns B-end shell; a standalone mobile route can bypass WorkbenchLayout and avoid touching IDE.","","Add RouteState kind=mobile and render a new page outside WorkbenchLayout.",""
"2","Explore: Implementation","Inspect frontend component style patterns and static prototype requirements.","implementation","explore","","","1","completed","Existing UI uses React function components, lucide-react icons, Ant Design only where useful, and styles.css global class naming. Prototype requires Home, Catalog, Problem, Code Read, Evidence, Profile.","","Create apps/web/src/pages/ConsumerMobilePage.tsx plus scoped .consumer* CSS classes.",""
"3","Explore: Performance","Check runtime cost and data dependency risk for mobile C-end page.","performance","explore","","","1","completed","The first version can be static/read-only and avoids API blocking. Main risk is large CSS and heavy Ant components; using plain React markup and existing lucide icons keeps it light.","","Avoid fetching catalog data in the mobile prototype route; keep screenshot deterministic.",""
"4","Score: Feasibility","Score implementation feasibility.","feasibility","score","1;2;3","1;2;3","2","completed","Single frontend subsystem, no backend contract required, route integration is small.","92","Proceed with direct implementation.",""
"5","Score: Impact","Score user/product impact.","impact","score","1;2;3","1;2;3","2","completed","Converts PNG prototype into usable app surface and validates C-end information architecture early.","86","Ship as /mobile prototype page before wiring live data.",""
"6","Score: Risk","Score delivery risk; higher means safer/lower risk in this table.","risk","score","1;2;3","1;2;3","2","completed","Risk is mainly visual regression and accidental B-end shell coupling. Avoided by standalone route and screenshot verification.","78","Do not add IDE entry; keep code read-only labels explicit.",""
"7","Score: Complexity","Score implementation complexity; higher means less complex.","complexity","score","1;2;3","1;2;3","2","completed","One new page and CSS section, one router branch. No database/API changes.","84","Keep static data local to component for this iteration.",""
"8","Score: Alignment","Score roadmap and constraints alignment.","alignment","score","1;2;3","1;2;3","2","completed","Matches classified catalog first, official evidence first, copyright-safe summaries, and C++ level-5 MVP.","95","Surface official source/copyright rules in evidence screen.",""
"9","Score: Maintainability","Score maintainability.","maintainability","score","1;2;3","1;2;3","2","completed","Maintainable if page data is structured arrays and class names are isolated. Risk grows if static markup becomes duplicated.","80","Use small render helpers/arrays where it reduces duplication.",""
"10","Decision Synthesis","Compile Go/No-Go and task plan for implementation.","synthesis","decide","4;5;6;7;8;9","4;5;6;7;8;9","3","completed","Go. scope_verdict=medium: one frontend subsystem with screenshot verification. Implement /mobile route, mobile page, CSS, build verification, screenshot verification.","","Next: implement page then run build and browser screenshot.",""
